Team,Game,Date,HC,Opponent,WINorLOSE,TeamPoints,OpponentPoints,FieldGoals,FieldGoalsAttempted,FieldGoalsPCT,FG3,FG3A,FG3_PCT,FT,FTA,FT_PCT,OREB,TRB,AST,STL,BLK,TOV,PF,OPP_FG,OPP_FGA,OPP_FG_PCT,OPP_FG3,OPP_FG3A,OPP_FG3_PCT,OPP_FT,OPP_FTA,OPP_FT_PCT,OPP_ORB,OPP_TRB,OPP_AST,OPP_STL,OPP_BLK,OPP_TOV,OPP_PF
NOP,1,2021-10-20,Home,PHI,L,97,117,39,93,.419,13,30,.433,6,9,.667,10,44,28,5,6,13,16,44,85,.518,13,25,.520,16,20,.800,6,47,24,9,5,12,11
NOP,2,2021-10-22,Away,CHI,L,112,128,42,87,.483,15,29,.517,13,16,.813,9,42,26,7,5,16,20,47,89,.528,14,28,.500,20,25,.800,11,46,32,9,7,14,14
NOP,3,2021-10-23,Away,MIN,L,89,96,31,89,.348,9,40,.225,18,23,.783,21,61,15,10,5,28,22,39,96,.406,12,38,.316,6,10,.600,13,47,22,13,8,19,25
NOP,4,2021-10-25,Away,MIN,W,107,98,39,87,.448,10,30,.333,19,23,.826,15,60,19,5,5,17,20,31,90,.344,15,50,.300,21,27,.778,11,41,20,10,7,11,19
NOP,5,2021-10-27,Home,ATL,L,99,102,40,93,.430,11,36,.306,8,9,.889,9,44,24,5,6,9,19,40,96,.417,8,30,.267,14,17,.824,21,55,21,4,4,11,14
NOP,6,2021-10-29,Home,SAC,L,109,113,42,98,.429,9,34,.265,16,25,.640,13,49,18,9,6,10,22,40,80,.500,9,27,.333,24,25,.960,3,45,19,4,5,14,20
NOP,7,2021-10-30,Home,NYK,L,117,123,42,92,.457,11,33,.333,22,24,.917,12,43,30,7,3,11,24,42,81,.519,19,33,.576,20,25,.800,5,37,22,7,4,12,21
NOP,8,2021-11-02,Away,PHO,L,100,112,36,91,.396,13,39,.333,15,16,.938,14,43,21,17,6,17,16,43,82,.524,9,26,.346,17,18,.944,7,42,32,8,4,19,17
NOP,9,2021-11-03,Away,SAC,L,99,112,37,86,.430,12,34,.353,13,15,.867,8,40,24,1,3,16,16,42,80,.525,10,30,.333,18,22,.818,4,37,27,8,7,8,21
NOP,10,2021-11-05,Away,GSW,L,85,126,31,88,.352,11,44,.250,12,16,.750,11,42,23,6,3,17,18,47,91,.516,20,50,.400,12,14,.857,9,49,36,10,4,11,16
NOP,11,2021-11-08,Away,DAL,L,92,108,37,87,.425,9,34,.265,9,11,.818,9,39,27,7,0,13,16,43,85,.506,14,35,.400,8,13,.615,9,46,27,7,3,12,15
NOP,12,2021-11-10,Home,OKC,L,100,108,34,97,.351,9,35,.257,23,32,.719,19,50,24,13,5,9,20,37,87,.425,10,34,.294,24,30,.800,13,56,23,6,4,18,23
NOP,13,2021-11-12,Home,BRK,L,112,120,43,88,.489,13,32,.406,13,16,.813,12,43,26,6,5,15,26,41,82,.500,18,34,.529,20,27,.741,7,34,27,9,4,12,20
NOP,14,2021-11-13,Home,MEM,W,112,101,38,79,.481,14,29,.483,22,25,.880,8,37,29,5,6,13,22,38,88,.432,8,24,.333,17,21,.810,13,39,21,6,6,9,19
NOP,15,2021-11-15,Away,WAS,L,100,105,30,74,.405,11,21,.524,29,34,.853,7,45,20,2,3,12,25,39,84,.464,10,28,.357,17,25,.680,6,42,23,9,4,5,22
NOP,16,2021-11-17,Away,MIA,L,98,113,33,75,.440,10,35,.286,22,28,.786,10,38,18,6,3,16,21,42,87,.483,15,40,.375,14,17,.824,10,39,29,6,2,10,25
NOP,17,2021-11-19,Home,LAC,W,94,81,38,87,.437,13,30,.433,5,8,.625,12,55,19,9,1,13,12,34,90,.378,9,37,.243,4,5,.800,8,43,22,7,4,11,12
NOP,18,2021-11-20,Away,IND,L,94,111,35,88,.398,6,18,.333,18,19,.947,11,52,17,7,5,16,14,42,91,.462,14,38,.368,13,18,.722,8,46,28,11,9,10,16
NOP,19,2021-11-22,Home,MIN,L,96,110,37,88,.420,6,32,.188,16,18,.889,15,48,24,6,6,21,23,40,100,.400,10,44,.227,20,28,.714,21,49,21,14,9,11,20
NOP,20,2021-11-24,Home,WAS,W,127,102,44,96,.458,12,29,.414,27,32,.844,12,52,33,13,2,10,26,36,84,.429,7,31,.226,23,36,.639,13,45,23,5,3,19,23
NOP,21,2021-11-26,Away,UTA,W,98,97,38,89,.427,11,27,.407,11,13,.846,6,39,27,8,4,13,21,36,80,.450,13,33,.394,12,18,.667,9,43,17,6,8,17,22
NOP,22,2021-11-27,Away,UTA,L,105,127,40,93,.430,8,35,.229,17,21,.810,14,45,27,8,3,13,20,45,80,.563,20,35,.571,17,22,.773,7,41,24,9,4,18,25
NOP,23,2021-11-29,Away,LAC,W,123,104,48,94,.511,14,35,.400,13,16,.813,14,47,30,11,1,7,21,37,72,.514,14,36,.389,16,21,.762,4,35,17,2,2,15,16
NOP,24,2021-12-01,Home,DAL,L,107,139,40,89,.449,13,37,.351,14,16,.875,16,32,22,10,1,13,12,57,83,.687,18,34,.529,7,9,.778,9,34,32,7,2,18,19
NOP,25,2021-12-03,Away,DAL,W,107,91,37,90,.411,12,30,.400,21,28,.750,13,55,30,5,5,10,26,32,79,.405,10,34,.294,17,26,.654,5,42,17,4,3,15,23
NOP,26,2021-12-05,Away,HOU,L,108,118,40,94,.426,10,38,.263,18,25,.720,22,50,19,9,9,7,26,39,79,.494,17,40,.425,23,29,.793,11,40,24,3,3,14,23
NOP,27,2021-12-08,Home,DEN,L,114,120,47,90,.522,11,30,.367,9,12,.750,10,46,32,8,5,22,22,45,88,.511,9,32,.281,21,27,.778,5,33,28,12,4,11,19
NOP,28,2021-12-10,Home,DET,W,109,93,41,95,.432,13,37,.351,14,16,.875,15,60,29,6,4,14,16,35,90,.389,12,37,.324,11,12,.917,7,38,22,7,6,12,15
NOP,29,2021-12-12,Away,SAS,L,97,112,40,94,.426,8,29,.276,9,15,.600,11,42,24,8,4,14,17,45,91,.495,7,25,.280,15,20,.750,15,55,31,11,5,13,19
NOP,30,2021-12-15,Away,OKC,W,113,110,39,80,.488,11,28,.393,24,36,.667,10,49,23,6,3,11,19,39,93,.419,13,35,.371,19,19,1.000,8,42,22,8,4,8,25
NOP,31,2021-12-17,Home,MIL,W,116,112,42,89,.472,13,37,.351,19,30,.633,13,57,34,10,3,20,13,45,104,.433,14,47,.298,8,10,.800,12,44,16,12,5,13,19
NOP,32,2021-12-21,Home,POR,W,111,97,42,80,.525,12,33,.364,15,18,.833,8,44,27,5,3,15,19,35,78,.449,13,34,.382,14,19,.737,7,31,18,12,4,10,17
NOP,33,2021-12-23,Away,ORL,W,110,104,37,86,.430,13,30,.433,23,26,.885,12,46,21,4,2,10,13,38,88,.432,9,32,.281,19,21,.905,10,44,19,6,11,8,26
NOP,34,2021-12-26,Away,OKC,L,112,117,39,94,.415,10,41,.244,24,28,.857,11,49,26,10,4,10,19,41,86,.477,13,36,.361,22,31,.710,7,47,24,8,5,12,23
NOP,35,2021-12-28,Home,CLE,W,108,104,36,80,.450,16,36,.444,20,26,.769,8,44,24,3,8,12,16,37,88,.420,14,41,.341,16,19,.842,11,42,27,6,3,7,19
NOP,36,2022-01-01,Away,MIL,L,113,136,39,95,.411,16,51,.314,19,30,.633,14,50,28,10,5,15,16,49,92,.533,23,48,.479,15,18,.833,4,48,27,10,4,13,20
NOP,37,2022-01-03,Home,UTA,L,104,115,39,97,.402,12,46,.261,14,22,.636,17,47,21,7,5,10,21,41,85,.482,19,39,.487,14,17,.824,10,43,22,6,4,14,24
NOP,38,2022-01-04,Home,PHO,L,110,123,36,89,.404,10,33,.303,28,32,.875,15,48,28,7,3,12,21,46,85,.541,17,31,.548,14,20,.700,5,42,32,7,5,10,24
NOP,39,2022-01-06,Home,GSW,W,101,96,35,83,.422,8,34,.235,23,29,.793,8,46,20,7,5,17,18,37,87,.425,7,33,.212,15,18,.833,8,43,22,12,6,14,24
NOP,40,2022-01-09,Away,TOR,L,101,105,34,75,.453,12,33,.364,21,25,.840,7,35,20,5,5,13,18,36,85,.424,14,34,.412,19,20,.950,15,46,18,8,3,12,20
NOP,41,2022-01-11,Home,MIN,W,128,125,42,76,.553,16,33,.485,28,37,.757,9,38,33,6,1,20,26,42,86,.488,18,39,.462,23,31,.742,9,32,27,11,4,13,24
NOP,42,2022-01-13,Home,LAC,W,113,89,43,97,.443,14,39,.359,13,16,.813,13,57,23,8,4,6,18,31,81,.383,10,34,.294,17,20,.850,5,46,19,2,7,15,16
NOP,43,2022-01-15,Away,BRK,L,105,120,40,87,.460,9,31,.290,16,24,.667,12,35,27,9,3,11,18,46,84,.548,12,27,.444,16,17,.941,9,44,30,5,5,14,21
NOP,44,2022-01-17,Away,BOS,L,92,104,36,87,.414,9,30,.300,11,18,.611,8,41,23,10,4,11,15,38,80,.475,10,32,.313,18,20,.900,5,47,22,6,4,14,18
NOP,45,2022-01-20,Away,NYK,W,102,91,38,76,.500,11,28,.393,15,22,.682,3,35,27,10,2,12,26,29,77,.377,9,38,.237,24,36,.667,14,48,21,6,5,15,21
NOP,46,2022-01-24,Home,IND,W,117,113,41,88,.466,6,30,.200,29,31,.935,12,45,23,7,4,11,22,38,87,.437,19,46,.413,18,25,.720,10,41,26,5,7,15,28
NOP,47,2022-01-25,Away,PHI,L,107,117,40,83,.482,9,22,.409,18,26,.692,11,39,26,5,7,8,25,39,84,.464,10,31,.323,29,31,.935,14,44,26,4,8,10,22
NOP,48,2022-01-28,Home,DEN,L,105,116,35,90,.389,5,34,.147,30,33,.909,14,43,23,14,4,13,19,41,82,.500,12,33,.364,22,25,.880,9,43,29,9,4,21,22
NOP,49,2022-01-29,Home,BOS,L,97,107,36,82,.439,8,32,.250,17,23,.739,9,40,22,8,0,13,14,43,81,.531,14,41,.341,7,11,.636,6,43,31,6,7,14,19
NOP,50,2022-01-31,Away,CLE,L,90,93,33,85,.388,6,30,.200,18,21,.857,16,51,26,6,8,13,18,36,84,.429,9,31,.290,12,14,.857,7,37,26,6,9,9,19
Team,Game,Date,HC,Opponent,WINorLOSE,TeamPoints,OpponentPoints,FieldGoals,FieldGoalsAttempted,FieldGoalsPCT,FG3,FG3A,FG3_PCT,FT,FTA,FT_PCT,OREB,TRB,AST,STL,BLK,TOV,PF,OPP_FG,OPP_FGA,OPP_FG_PCT,OPP_FG3,OPP_FG3A,OPP_FG3_PCT,OPP_FT,OPP_FTA,OPP_FT_PCT,OPP_ORB,OPP_TRB,OPP_AST,OPP_STL,OPP_BLK,OPP_TOV,OPP_PF
DET,1,2021-10-20,Home,CHI,L,88,94,36,90,.400,6,28,.214,10,13,.769,11,47,17,7,5,16,16,37,86,.430,7,23,.304,13,15,.867,9,48,18,8,5,17,19
DET,2,2021-10-23,Away,CHI,L,82,97,34,88,.386,5,28,.179,9,15,.600,11,53,14,9,8,20,17,35,84,.417,11,26,.423,16,19,.842,3,42,24,13,11,12,17
DET,3,2021-10-25,Away,ATL,L,104,122,40,91,.440,9,33,.273,15,18,.833,11,36,26,7,6,14,15,46,90,.511,12,32,.375,18,21,.857,10,49,24,11,3,13,19
DET,4,2021-10-28,Away,PHI,L,102,110,35,86,.407,13,39,.333,19,27,.704,10,37,22,11,4,12,22,38,76,.500,12,27,.444,22,24,.917,6,46,22,7,9,20,23
DET,5,2021-10-30,Home,ORL,W,110,103,36,89,.404,14,43,.326,24,30,.800,17,48,26,12,6,13,18,38,87,.437,16,32,.500,11,15,.733,12,46,21,5,6,17,21
DET,6,2021-10-31,Away,BRK,L,91,117,32,79,.405,12,33,.364,15,22,.682,7,29,21,12,3,15,18,47,72,.653,13,25,.520,10,16,.625,2,41,30,7,2,19,19
DET,7,2021-11-02,Home,MIL,L,89,117,30,93,.323,8,47,.170,21,30,.700,14,43,21,5,5,14,22,42,84,.500,17,37,.459,16,21,.762,9,52,28,7,8,15,23
DET,8,2021-11-04,Home,PHI,L,98,109,35,87,.402,11,36,.306,17,19,.895,12,41,21,6,2,11,18,41,83,.494,12,32,.375,15,22,.682,15,49,22,8,3,12,17
DET,9,2021-11-05,Home,BRK,L,90,96,33,87,.379,11,34,.324,13,18,.722,7,44,17,11,6,13,22,36,80,.450,11,27,.407,13,14,.929,4,45,25,3,4,16,21
DET,10,2021-11-10,Away,HOU,W,112,104,42,97,.433,16,48,.333,12,18,.667,16,49,23,6,6,14,26,35,82,.427,12,34,.353,22,34,.647,8,42,17,5,5,13,20
DET,11,2021-11-12,Away,CLE,L,78,98,29,79,.367,9,30,.300,11,13,.846,10,43,18,12,5,23,13,39,82,.476,14,41,.341,6,9,.667,8,40,27,12,6,19,11
DET,12,2021-11-13,Away,TOR,W,127,121,43,79,.544,15,35,.429,26,30,.867,9,34,34,5,6,13,23,44,87,.506,13,34,.382,20,31,.645,15,39,21,9,1,13,25
DET,13,2021-11-15,Home,SAC,L,107,129,39,96,.406,13,47,.277,16,17,.941,16,47,23,7,2,17,10,52,98,.531,16,33,.485,9,11,.818,11,47,32,11,5,13,17
DET,14,2021-11-17,Home,IND,W,97,89,34,80,.425,8,28,.286,21,28,.750,8,42,16,13,5,12,20,33,79,.418,9,37,.243,14,19,.737,7,43,14,5,5,18,22
DET,15,2021-11-19,Home,GSW,L,102,105,32,80,.400,14,42,.333,24,30,.800,11,35,21,11,7,12,22,38,80,.475,12,30,.400,17,21,.810,14,48,22,8,4,18,23
DET,16,2021-11-21,Home,LAL,L,116,121,43,97,.443,14,40,.350,16,21,.762,8,39,27,7,6,11,24,45,92,.489,10,31,.323,21,27,.778,12,51,29,7,8,13,21
DET,17,2021-11-23,Home,MIA,L,92,100,35,84,.417,10,38,.263,12,14,.857,9,35,22,7,1,14,23,35,76,.461,9,29,.310,21,29,.724,12,51,22,9,3,16,19
DET,18,2021-11-24,Away,MIL,L,93,114,34,95,.358,11,45,.244,14,19,.737,9,44,16,7,1,8,18,42,87,.483,15,36,.417,15,17,.882,10,56,23,5,6,15,18
DET,19,2021-11-26,Away,LAC,L,96,107,33,90,.367,8,33,.242,22,26,.846,13,52,17,8,4,15,19,39,91,.429,11,38,.289,18,19,.947,11,54,26,9,4,14,27
DET,20,2021-11-28,Away,LAL,L,106,110,38,89,.427,13,33,.394,17,19,.895,12,53,29,5,4,17,20,43,86,.500,9,32,.281,15,25,.600,6,42,32,11,8,12,18
DET,21,2021-11-30,Away,POR,L,92,110,29,76,.382,9,35,.257,25,30,.833,7,45,17,4,7,18,20,41,96,.427,14,42,.333,14,18,.778,10,43,24,8,5,10,22
DET,22,2021-12-02,Away,PHO,L,103,114,36,80,.450,11,27,.407,20,26,.769,7,36,20,6,6,12,22,43,79,.544,12,21,.571,16,23,.696,6,44,23,8,3,14,20
DET,23,2021-12-06,Home,OKC,L,103,114,41,99,.414,16,41,.390,5,6,.833,16,52,21,8,7,16,26,41,82,.500,9,25,.360,23,30,.767,6,40,22,10,11,11,13
DET,24,2021-12-08,Home,WAS,L,116,119,37,79,.468,13,24,.542,29,35,.829,7,37,22,9,4,15,26,42,88,.477,12,32,.375,23,28,.821,13,45,27,6,8,17,21
DET,25,2021-12-10,Away,NOP,L,93,109,35,90,.389,12,37,.324,11,12,.917,7,38,22,7,6,12,15,41,95,.432,13,37,.351,14,16,.875,15,60,29,6,4,14,16
DET,26,2021-12-12,Home,BRK,L,104,116,39,92,.424,14,37,.378,12,18,.667,8,40,24,11,5,19,22,41,87,.471,11,28,.393,23,25,.920,8,43,28,8,6,17,20
DET,27,2021-12-16,Away,IND,L,113,122,40,81,.494,7,25,.280,26,30,.867,6,37,20,6,4,12,23,45,91,.495,7,32,.219,25,28,.893,8,41,26,6,7,8,21
DET,28,2021-12-18,Home,HOU,L,107,116,43,93,.462,10,36,.278,11,16,.688,15,42,29,8,6,20,24,46,93,.495,14,38,.368,10,17,.588,13,47,27,15,5,19,18
DET,29,2021-12-19,Home,MIA,W,100,90,35,75,.467,8,32,.250,22,30,.733,6,47,24,4,2,13,28,28,74,.378,13,43,.302,21,33,.636,8,39,23,4,3,13,27
DET,30,2021-12-21,Away,NYK,L,91,105,34,94,.362,8,33,.242,15,19,.789,10,48,22,9,4,12,18,40,90,.444,11,33,.333,14,19,.737,13,52,22,5,7,12,19
DET,31,2021-12-23,Away,MIA,L,112,115,36,80,.450,18,40,.450,22,25,.880,6,43,23,9,5,16,25,43,88,.489,12,32,.375,17,19,.895,6,43,23,4,0,13,25
DET,32,2021-12-26,Away,SAS,L,109,144,38,98,.388,8,32,.250,25,34,.735,14,42,16,10,5,14,30,51,91,.560,13,27,.481,29,37,.784,9,52,39,6,5,18,28
DET,33,2021-12-29,Home,NYK,L,85,94,30,81,.370,12,35,.343,13,17,.765,8,43,19,11,5,17,23,31,81,.383,8,31,.258,24,27,.889,11,48,19,11,5,16,14
DET,34,2022-01-01,Home,SAS,W,117,116,41,101,.406,9,35,.257,26,33,.788,22,63,18,12,6,20,23,42,102,.412,12,40,.300,20,28,.714,13,48,30,8,3,16,27
DET,35,2022-01-03,Away,MIL,W,115,106,44,91,.484,18,43,.419,9,14,.643,9,47,31,6,1,13,21,39,92,.424,11,46,.239,17,22,.773,11,47,21,9,2,8,12
DET,36,2022-01-05,Away,CHO,L,111,140,43,92,.467,14,42,.333,11,20,.550,9,36,26,12,3,13,21,48,81,.593,24,42,.571,20,29,.690,8,49,39,6,3,17,21
DET,37,2022-01-06,Away,MEM,L,88,118,34,99,.343,10,44,.227,10,13,.769,10,39,23,7,3,11,14,48,98,.490,10,32,.313,12,19,.632,18,61,31,8,9,18,18
DET,38,2022-01-08,Home,ORL,W,97,92,38,87,.437,10,33,.303,11,16,.688,7,49,23,7,6,12,21,29,86,.337,14,46,.304,20,23,.870,8,44,25,6,9,12,20
DET,39,2022-01-10,Home,UTA,W,126,116,48,93,.516,19,37,.514,11,12,.917,9,39,30,9,7,11,20,44,86,.512,11,33,.333,17,22,.773,10,40,23,9,4,16,16
DET,40,2022-01-11,Away,CHI,L,87,133,30,89,.337,6,35,.171,21,27,.778,15,41,17,9,7,18,20,50,92,.543,18,34,.529,15,19,.789,14,61,33,13,4,17,23
DET,41,2022-01-14,Home,TOR,W,103,87,38,81,.469,8,27,.296,19,23,.826,9,43,22,7,6,8,25,28,87,.322,11,38,.289,20,26,.769,16,46,18,5,4,11,24
DET,42,2022-01-16,Home,PHO,L,108,135,38,82,.463,9,25,.360,23,34,.676,5,32,25,6,2,9,20,51,87,.586,11,27,.407,22,30,.733,11,51,30,4,7,14,26
DET,43,2022-01-18,Away,GSW,L,86,102,30,85,.353,9,34,.265,17,24,.708,11,50,18,4,5,16,23,34,83,.410,14,42,.333,20,27,.741,13,54,26,12,3,13,25
DET,44,2022-01-19,Away,SAC,W,133,131,46,91,.505,15,36,.417,26,30,.867,13,41,27,3,6,8,26,44,84,.524,12,27,.444,31,44,.705,8,35,22,4,8,7,17
DET,45,2022-01-21,Away,UTA,L,101,111,38,87,.437,13,32,.406,12,16,.750,9,40,22,6,4,10,24,36,79,.456,10,31,.323,29,34,.853,7,44,22,3,7,10,21
DET,46,2022-01-23,Away,DEN,L,111,117,42,75,.560,11,29,.379,16,19,.842,4,34,28,4,5,22,29,44,85,.518,12,35,.343,17,23,.739,8,34,29,8,1,11,22
DET,47,2022-01-25,Home,DEN,L,105,110,41,97,.423,12,36,.333,11,14,.786,9,36,25,14,5,9,25,36,84,.429,11,32,.344,27,31,.871,16,56,25,7,1,25,17
DET,48,2022-01-28,Away,ORL,L,103,119,32,87,.368,10,29,.345,29,37,.784,14,41,23,10,9,10,24,41,83,.494,12,25,.480,25,26,.962,8,47,28,5,7,15,22
DET,49,2022-01-30,Home,CLE,W,115,105,42,91,.462,10,26,.385,21,25,.840,16,48,26,7,4,9,21,38,82,.463,13,34,.382,16,25,.640,12,41,25,6,6,11,20
Team,Game,Date,HC,Opponent,WINorLOSE,TeamPoints,OpponentPoints,FieldGoals,FieldGoalsAttempted,FieldGoalsPCT,FG3,FG3A,FG3_PCT,FT,FTA,FT_PCT,OREB,TRB,AST,STL,BLK,TOV,PF,OPP_FG,OPP_FGA,OPP_FG_PCT,OPP_FG3,OPP_FG3A,OPP_FG3_PCT,OPP_FT,OPP_FTA,OPP_FT_PCT,OPP_ORB,OPP_TRB,OPP_AST,OPP_STL,OPP_BLK,OPP_TOV,OPP_PF
WAS,1,2021-10-20,Away,TOR,W,98,83,36,81,.444,5,27,.185,21,26,.808,7,51,20,14,8,21,17,30,97,.309,7,34,.206,16,22,.727,19,54,14,10,4,19,21
WAS,2,2021-10-22,Home,IND,W,135,134,49,94,.521,19,38,.500,18,19,.947,6,38,24,5,6,9,21,52,97,.536,15,34,.441,15,20,.750,7,42,28,5,6,12,22
WAS,3,2021-10-25,Away,BRK,L,90,104,33,95,.347,9,39,.231,15,20,.750,10,53,16,5,5,12,17,40,94,.426,10,35,.286,14,17,.824,7,54,23,6,4,9,19
WAS,4,2021-10-27,Away,BOS,W,116,107,43,84,.512,9,25,.360,21,29,.724,11,47,18,8,7,15,20,37,85,.435,10,29,.345,23,28,.821,10,37,18,9,5,13,21
WAS,5,2021-10-28,Home,ATL,W,122,111,46,99,.465,13,34,.382,17,21,.810,14,51,26,6,4,6,16,48,88,.545,6,21,.286,9,14,.643,6,43,26,4,3,13,16
WAS,6,2021-10-30,Home,BOS,W,115,112,38,104,.365,10,36,.278,29,36,.806,12,62,19,6,7,13,22,44,107,.411,2,26,.077,22,25,.880,8,54,23,8,10,11,32
WAS,7,2021-11-01,Away,ATL,L,111,118,41,86,.477,13,39,.333,16,16,1.000,7,36,27,7,4,12,24,38,83,.458,13,34,.382,29,29,1.000,13,47,24,9,5,11,17
WAS,8,2021-11-03,Home,TOR,L,100,109,34,78,.436,8,32,.250,24,30,.800,10,44,19,6,7,13,15,41,88,.466,10,25,.400,17,20,.850,10,42,17,10,3,10,23
WAS,9,2021-11-05,Home,MEM,W,115,87,49,84,.583,10,25,.400,7,13,.538,5,53,34,4,6,18,13,34,96,.354,6,31,.194,13,17,.765,12,39,19,12,4,9,15
WAS,10,2021-11-07,Home,MIL,W,101,94,41,81,.506,11,27,.407,8,13,.615,4,42,24,8,8,19,16,37,94,.394,10,36,.278,10,18,.556,16,49,17,14,3,12,10
WAS,11,2021-11-10,Away,CLE,W,97,94,35,84,.417,10,28,.357,17,17,1.000,12,49,25,9,2,12,20,35,76,.461,9,31,.290,15,21,.714,6,40,21,7,4,14,18
WAS,12,2021-11-13,Away,ORL,W,104,92,42,84,.500,12,35,.343,8,10,.800,7,48,29,6,7,15,17,31,92,.337,13,40,.325,17,20,.850,14,44,21,7,5,13,15
WAS,13,2021-11-15,Home,NOP,W,105,100,39,84,.464,10,28,.357,17,25,.680,6,42,23,9,4,5,22,30,74,.405,11,21,.524,29,34,.853,7,45,20,2,3,12,25
WAS,14,2021-11-17,Away,CHO,L,87,97,33,90,.367,8,42,.190,13,16,.813,11,48,23,7,5,10,12,42,96,.438,10,32,.313,3,6,.500,16,59,30,6,8,11,16
WAS,15,2021-11-18,Away,MIA,L,97,112,38,77,.494,15,36,.417,6,10,.600,5,37,25,4,3,17,19,41,82,.500,10,26,.385,20,24,.833,7,41,27,10,1,6,13
WAS,16,2021-11-20,Home,MIA,W,103,100,36,74,.486,11,30,.367,20,23,.870,9,35,22,6,2,19,19,38,81,.469,7,27,.259,17,20,.850,10,37,21,7,3,12,26
WAS,17,2021-11-22,Home,CHO,L,103,109,36,94,.383,9,37,.243,22,27,.815,20,65,23,6,6,18,20,40,91,.440,15,31,.484,14,24,.583,6,36,21,11,4,10,22
WAS,18,2021-11-24,Away,NOP,L,102,127,36,84,.429,7,31,.226,23,36,.639,13,45,23,5,3,19,23,44,96,.458,12,29,.414,27,32,.844,12,52,33,13,2,10,26
WAS,19,2021-11-26,Away,OKC,W,101,99,38,79,.481,10,29,.345,15,15,1.000,5,43,17,2,12,15,15,38,94,.404,11,33,.333,12,14,.857,10,41,23,7,4,9,15
WAS,20,2021-11-27,Away,DAL,W,120,114,45,78,.577,9,24,.375,21,26,.808,7,43,28,4,4,14,18,42,89,.472,14,38,.368,16,22,.727,9,35,23,7,4,7,21
WAS,21,2021-11-29,Away,SAS,L,99,116,41,92,.446,9,31,.290,8,13,.615,12,40,26,5,3,6,15,49,92,.533,8,18,.444,10,16,.625,15,51,28,4,6,10,15
WAS,22,2021-12-01,Home,MIN,W,115,107,45,91,.495,10,32,.313,15,21,.714,14,52,34,6,7,13,23,37,88,.420,11,37,.297,22,26,.846,12,39,15,3,6,12,23
WAS,23,2021-12-03,Home,CLE,L,101,116,38,82,.463,10,31,.323,15,19,.789,3,33,21,5,4,8,22,42,89,.472,13,30,.433,19,25,.760,15,54,30,2,5,14,19
WAS,24,2021-12-05,Away,TOR,L,90,102,30,73,.411,8,25,.320,22,29,.759,6,43,20,4,5,10,22,38,85,.447,8,23,.348,18,24,.750,10,47,22,3,1,8,24
WAS,25,2021-12-06,Away,IND,L,110,116,43,81,.531,7,15,.467,17,21,.810,9,30,25,11,2,12,19,43,82,.524,9,23,.391,21,22,.955,13,40,25,10,10,15,20
WAS,26,2021-12-08,Away,DET,W,119,116,42,88,.477,12,32,.375,23,28,.821,13,45,27,6,8,17,21,37,79,.468,13,24,.542,29,35,.829,7,37,22,9,4,15,26
WAS,27,2021-12-11,Home,UTA,L,98,123,41,89,.461,8,25,.320,8,14,.571,9,39,17,3,3,12,15,48,93,.516,13,39,.333,14,17,.824,12,49,28,5,5,8,14
WAS,28,2021-12-13,Away,DEN,L,107,113,41,90,.456,12,34,.353,13,21,.619,6,41,25,7,5,10,26,37,79,.468,10,32,.313,29,33,.879,4,49,26,8,2,13,19
WAS,29,2021-12-15,Away,SAC,L,105,119,42,89,.472,5,24,.208,16,21,.762,7,39,20,8,3,10,22,45,82,.549,8,26,.308,21,29,.724,6,39,25,7,6,11,21
WAS,30,2021-12-16,Away,PHO,L,98,118,40,82,.488,6,21,.286,12,19,.632,6,32,22,11,3,16,21,42,79,.532,9,29,.310,25,26,.962,9,47,25,9,2,19,23
WAS,31,2021-12-18,Away,UTA,W,109,103,42,94,.447,9,31,.290,16,20,.800,11,47,27,7,4,9,23,35,81,.432,14,44,.318,19,30,.633,8,46,17,5,6,15,23
WAS,32,2021-12-23,Away,NYK,W,124,117,42,75,.560,16,37,.432,24,32,.750,5,38,30,4,6,11,18,42,93,.452,13,42,.310,20,23,.870,14,44,17,2,1,7,21
WAS,33,2021-12-26,Home,PHI,L,96,117,35,90,.389,8,33,.242,18,28,.643,14,43,22,6,1,8,18,43,86,.500,12,31,.387,19,22,.864,10,50,25,6,8,12,23
WAS,34,2021-12-28,Away,MIA,L,112,119,42,85,.494,17,42,.405,11,14,.786,13,47,27,5,3,18,20,41,92,.446,16,34,.471,21,23,.913,14,42,26,14,5,7,13
WAS,35,2021-12-30,Home,CLE,W,110,93,45,90,.500,9,29,.310,11,17,.647,10,47,27,7,8,7,19,35,83,.422,8,28,.286,15,23,.652,8,44,20,4,3,12,17
WAS,36,2022-01-01,Home,CHI,L,119,120,46,87,.529,6,27,.222,21,26,.808,6,43,26,9,3,11,22,41,84,.488,17,34,.500,21,25,.840,6,44,17,4,4,15,24
WAS,37,2022-01-03,Home,CHO,W,124,121,40,87,.460,16,38,.421,28,31,.903,10,51,26,5,4,15,12,50,104,.481,14,38,.368,7,13,.538,13,45,28,14,5,8,22
WAS,38,2022-01-05,Home,HOU,L,111,114,40,91,.440,10,39,.256,21,26,.808,9,41,18,9,6,15,27,40,85,.471,9,26,.346,25,32,.781,10,48,15,10,2,20,24
WAS,39,2022-01-07,Away,CHI,L,122,130,45,88,.511,7,24,.292,25,26,.962,10,41,28,8,5,15,15,48,91,.527,15,33,.455,19,21,.905,10,41,34,11,3,15,21
WAS,40,2022-01-09,Away,ORL,W,102,100,36,88,.409,11,29,.379,19,24,.792,12,54,23,1,6,12,21,38,95,.400,9,28,.321,15,16,.938,9,42,18,9,6,7,21
WAS,41,2022-01-11,Home,OKC,W,122,118,47,87,.540,11,33,.333,17,23,.739,7,42,29,3,7,8,15,47,98,.480,11,39,.282,13,15,.867,9,41,23,5,1,5,20
WAS,42,2022-01-12,Home,ORL,W,112,106,43,82,.524,10,31,.323,16,21,.762,6,42,26,6,4,10,14,41,99,.414,11,35,.314,13,16,.813,18,49,31,6,6,9,16
WAS,43,2022-01-15,Home,POR,L,110,115,39,90,.433,12,37,.324,20,23,.870,10,43,20,4,3,20,26,39,85,.459,13,39,.333,24,35,.686,8,39,19,13,2,12,25
WAS,44,2022-01-17,Home,PHI,W,117,98,42,87,.483,9,30,.300,24,32,.750,9,49,25,7,6,12,18,35,86,.407,7,26,.269,21,25,.840,10,42,19,9,3,12,26
WAS,45,2022-01-19,Home,BRK,L,118,119,41,86,.477,10,29,.345,26,32,.813,13,40,23,6,8,12,19,47,89,.528,8,25,.320,17,20,.850,7,36,23,5,4,12,25
WAS,46,2022-01-21,Home,TOR,L,105,109,43,85,.506,11,33,.333,8,10,.800,11,45,29,3,3,17,16,42,90,.467,11,30,.367,14,17,.824,11,40,20,10,4,8,15
WAS,47,2022-01-23,Home,BOS,L,87,116,33,93,.355,8,34,.235,13,16,.813,9,44,20,8,6,6,14,40,90,.444,19,39,.487,17,21,.810,11,57,26,5,3,13,16
WAS,48,2022-01-25,Home,LAC,L,115,116,37,80,.463,9,27,.333,32,40,.800,10,52,25,4,7,18,24,39,94,.415,11,29,.379,27,31,.871,12,48,28,9,5,11,29
WAS,49,2022-01-29,Away,MEM,L,95,115,35,84,.417,10,29,.345,15,21,.714,7,37,27,6,5,12,12,46,100,.460,13,31,.419,10,12,.833,21,60,24,8,10,9,21
Team,Game,Date,HC,Opponent,WINorLOSE,TeamPoints,OpponentPoints,FieldGoals,FieldGoalsAttempted,FieldGoalsPCT,FG3,FG3A,FG3_PCT,FT,FTA,FT_PCT,OREB,TRB,AST,STL,BLK,TOV,PF,OPP_FG,OPP_FGA,OPP_FG_PCT,OPP_FG3,OPP_FG3A,OPP_FG3_PCT,OPP_FT,OPP_FTA,OPP_FT_PCT,OPP_ORB,OPP_TRB,OPP_AST,OPP_STL,OPP_BLK,OPP_TOV,OPP_PF
MIL,1,2021-10-19,Home,BRK,W,127,104,48,105,.457,17,45,.378,14,18,.778,13,54,25,8,9,7,19,37,84,.440,17,32,.531,13,23,.565,5,44,19,3,9,12,17
MIL,2,2021-10-21,Away,MIA,L,95,137,32,84,.381,12,42,.286,19,29,.655,5,38,19,6,0,15,26,51,96,.531,15,35,.429,20,31,.645,11,58,28,8,2,11,26
MIL,3,2021-10-23,Away,SAS,W,121,111,44,83,.530,15,35,.429,18,22,.818,7,44,21,6,5,20,15,48,99,.485,10,39,.256,5,6,.833,10,38,29,10,4,12,18
MIL,4,2021-10-25,Away,IND,W,119,109,41,85,.482,11,32,.344,26,31,.839,7,42,24,13,6,13,19,40,90,.444,14,36,.389,15,17,.882,12,47,23,6,1,19,24
MIL,5,2021-10-27,Home,MIN,L,108,113,39,95,.411,14,51,.275,16,21,.762,13,43,22,10,3,8,18,43,91,.473,13,45,.289,14,17,.824,10,49,29,5,4,17,20
MIL,6,2021-10-30,Home,SAS,L,93,102,36,89,.404,10,39,.256,11,16,.688,9,52,20,6,2,19,18,39,95,.411,7,31,.226,17,24,.708,8,49,28,12,3,9,13
MIL,7,2021-10-31,Home,UTA,L,95,107,39,96,.406,12,41,.293,5,6,.833,13,44,16,7,3,9,22,35,75,.467,12,37,.324,25,27,.926,7,44,13,6,10,12,10
MIL,8,2021-11-02,Away,DET,W,117,89,42,84,.500,17,37,.459,16,21,.762,9,52,28,7,8,15,23,30,93,.323,8,47,.170,21,30,.700,14,43,21,5,5,14,22
MIL,9,2021-11-05,Home,NYK,L,98,113,33,82,.402,16,43,.372,16,21,.762,7,37,19,5,5,15,20,41,96,.427,10,40,.250,21,26,.808,20,59,16,12,4,14,17
MIL,10,2021-11-07,Away,WAS,L,94,101,37,94,.394,10,36,.278,10,18,.556,16,49,17,14,3,12,10,41,81,.506,11,27,.407,8,13,.615,4,42,24,8,8,19,16
MIL,11,2021-11-09,Away,PHI,W,118,109,44,95,.463,15,39,.385,15,21,.714,12,52,21,5,6,8,10,42,103,.408,14,43,.326,11,12,.917,13,46,21,7,7,7,20
MIL,12,2021-11-10,Away,NYK,W,112,100,40,90,.444,26,50,.520,6,9,.667,13,50,29,4,4,14,17,36,83,.434,16,37,.432,12,17,.706,7,38,19,9,10,10,17
MIL,13,2021-11-12,Away,BOS,L,113,122,44,98,.449,16,47,.340,9,11,.818,12,39,23,7,3,11,19,47,96,.490,12,41,.293,16,18,.889,16,53,22,5,7,16,12
MIL,14,2021-11-14,Away,ATL,L,100,120,38,84,.452,14,41,.341,10,16,.625,4,30,24,8,3,11,17,47,97,.485,15,35,.429,11,13,.846,15,51,21,6,1,12,19
MIL,15,2021-11-17,Home,LAL,W,109,102,40,87,.460,12,37,.324,17,24,.708,9,52,22,9,4,15,10,40,96,.417,12,43,.279,10,12,.833,11,48,24,8,4,13,19
MIL,16,2021-11-19,Home,OKC,W,96,89,31,83,.373,12,41,.293,22,26,.846,6,53,21,9,5,12,18,32,91,.352,12,48,.250,13,21,.619,11,53,17,6,4,12,22
MIL,17,2021-11-20,Home,ORL,W,117,108,37,82,.451,19,40,.475,24,37,.649,11,60,25,6,5,14,18,39,98,.398,19,51,.373,11,14,.786,6,39,26,5,3,10,24
MIL,18,2021-11-22,Home,ORL,W,123,92,44,94,.468,18,45,.400,17,24,.708,13,55,28,10,7,12,22,34,93,.366,11,41,.268,13,18,.722,15,47,16,6,4,15,17
MIL,19,2021-11-24,Home,DET,W,114,93,42,87,.483,15,36,.417,15,17,.882,10,56,23,5,6,15,18,34,95,.358,11,45,.244,14,19,.737,9,44,16,7,1,8,18
MIL,20,2021-11-26,Away,DEN,W,120,109,46,73,.630,16,33,.485,12,20,.600,5,44,24,3,7,19,14,40,92,.435,17,47,.362,12,14,.857,9,31,24,9,2,8,19
MIL,21,2021-11-28,Away,IND,W,118,100,46,90,.511,8,35,.229,18,22,.818,13,52,27,7,3,13,14,38,92,.413,12,45,.267,12,16,.750,12,45,21,6,2,13,21
MIL,22,2021-12-01,Home,CHO,W,127,125,46,94,.489,14,36,.389,21,26,.808,9,45,29,10,1,13,20,43,87,.494,21,51,.412,18,21,.857,3,36,30,8,9,16,21
MIL,23,2021-12-02,Away,TOR,L,93,97,32,85,.376,11,31,.355,18,25,.720,16,47,16,4,4,13,12,37,88,.420,14,40,.350,9,14,.643,15,47,23,10,7,13,24
MIL,24,2021-12-04,Home,MIA,W,124,102,44,98,.449,18,50,.360,18,20,.900,19,57,32,3,6,14,22,34,84,.405,17,43,.395,17,24,.708,9,39,29,6,5,14,17
MIL,25,2021-12-06,Home,CLE,W,112,104,40,86,.465,13,32,.406,19,24,.792,8,53,21,7,5,16,20,35,90,.389,15,46,.326,19,20,.950,7,39,27,8,4,9,17
MIL,26,2021-12-08,Away,MIA,L,104,113,36,85,.424,12,39,.308,20,27,.741,12,41,18,11,4,18,20,40,77,.519,22,47,.468,11,12,.917,6,42,32,6,6,20,23
MIL,27,2021-12-10,Away,HOU,W,123,114,42,83,.506,15,39,.385,24,32,.750,13,48,19,11,8,15,21,42,89,.472,19,46,.413,11,20,.550,12,40,30,9,4,16,28
MIL,28,2021-12-12,Away,NYK,W,112,97,42,88,.477,14,41,.341,14,17,.824,12,46,27,11,1,15,12,35,82,.427,17,49,.347,10,13,.769,8,37,27,12,2,16,16
MIL,29,2021-12-13,Away,BOS,L,103,117,40,90,.444,11,36,.306,12,15,.800,11,45,22,8,3,13,14,43,86,.500,20,47,.426,11,13,.846,7,40,31,6,5,11,15
MIL,30,2021-12-15,Home,IND,W,114,99,44,90,.489,14,29,.483,12,15,.800,10,38,25,10,3,8,11,39,83,.470,11,38,.289,10,11,.909,11,45,24,6,6,18,16
MIL,31,2021-12-17,Away,NOP,L,112,116,45,104,.433,14,47,.298,8,10,.800,12,44,16,12,5,13,19,42,89,.472,13,37,.351,19,30,.633,13,57,34,10,3,20,13
MIL,32,2021-12-18,Home,CLE,L,90,119,35,89,.393,12,38,.316,8,11,.727,13,44,18,8,4,17,15,45,90,.500,16,45,.356,13,14,.929,9,46,36,11,3,13,13
MIL,33,2021-12-22,Home,HOU,W,126,106,45,103,.437,17,46,.370,19,21,.905,14,48,25,8,2,5,24,36,86,.419,13,45,.289,21,31,.677,13,52,23,0,7,15,21
MIL,34,2021-12-23,Away,DAL,W,102,95,37,82,.451,10,36,.278,18,22,.818,6,47,26,7,5,12,16,35,86,.407,12,45,.267,13,17,.765,8,43,25,6,2,11,21
MIL,35,2021-12-25,Home,BOS,W,117,113,43,91,.473,12,33,.364,19,27,.704,15,48,24,7,6,13,20,38,89,.427,17,45,.378,20,24,.833,11,44,24,9,8,14,23
MIL,36,2021-12-28,Away,ORL,W,127,110,47,85,.553,17,37,.459,16,22,.727,7,40,31,4,3,12,20,38,83,.458,12,39,.308,22,26,.846,7,37,24,7,4,13,25
MIL,37,2021-12-30,Away,ORL,W,136,118,45,91,.495,13,33,.394,33,36,.917,14,50,24,7,6,13,19,42,87,.483,13,36,.361,21,27,.778,6,33,26,5,1,10,26
MIL,38,2022-01-01,Home,NOP,W,136,113,49,92,.533,23,48,.479,15,18,.833,4,48,27,10,4,13,20,39,95,.411,16,51,.314,19,30,.633,14,50,28,10,5,15,16
MIL,39,2022-01-03,Home,DET,L,106,115,39,92,.424,11,46,.239,17,22,.773,11,47,21,9,2,8,12,44,91,.484,18,43,.419,9,14,.643,9,47,31,6,1,13,21
MIL,40,2022-01-05,Home,TOR,L,111,117,38,85,.447,17,39,.436,18,26,.692,9,45,22,10,8,17,18,42,89,.472,16,36,.444,17,25,.680,10,44,24,8,4,14,20
MIL,41,2022-01-07,Away,BRK,W,121,109,44,96,.458,16,45,.356,17,21,.810,13,45,21,6,3,10,20,42,92,.457,6,27,.222,19,20,.950,14,49,23,8,5,10,16
MIL,42,2022-01-08,Away,CHO,L,106,114,35,90,.389,12,37,.324,24,26,.923,14,53,21,6,4,15,20,44,99,.444,16,48,.333,10,17,.588,13,49,29,10,3,10,25
MIL,43,2022-01-10,Away,CHO,L,99,103,37,84,.440,13,43,.302,12,16,.750,7,48,25,7,2,20,17,38,96,.396,13,44,.295,14,16,.875,13,48,23,12,3,14,16
MIL,44,2022-01-13,Home,GSW,W,118,99,44,86,.512,18,41,.439,12,18,.667,5,54,29,10,7,16,16,33,95,.347,16,48,.333,17,24,.708,12,49,20,9,2,15,15
MIL,45,2022-01-15,Home,TOR,L,96,103,26,77,.338,12,39,.308,32,35,.914,9,41,19,8,8,13,23,40,91,.440,12,35,.343,11,20,.550,16,50,25,7,8,14,25
MIL,46,2022-01-17,Away,ATL,L,114,121,39,88,.443,16,38,.421,20,24,.833,9,42,21,8,4,13,28,38,86,.442,15,36,.417,30,32,.938,10,46,25,7,8,13,18
MIL,47,2022-01-19,Home,MEM,W,126,114,46,97,.474,13,37,.351,21,22,.955,13,56,29,7,6,15,21,44,106,.415,9,40,.225,17,25,.680,16,47,26,10,8,9,20
MIL,48,2022-01-21,Home,CHI,W,94,90,34,88,.386,6,31,.194,20,28,.714,11,53,20,3,3,8,17,31,85,.365,7,38,.184,21,24,.875,6,49,21,4,4,8,21
MIL,49,2022-01-22,Home,SAC,W,133,127,45,91,.495,21,42,.500,22,25,.880,9,43,19,12,0,7,14,51,97,.526,15,37,.405,10,16,.625,13,48,29,4,2,14,20
MIL,50,2022-01-26,Away,CLE,L,99,115,37,80,.463,9,32,.281,16,18,.889,10,41,22,7,3,19,19,41,87,.471,19,42,.452,14,17,.824,12,41,27,11,3,12,19
MIL,51,2022-01-28,Home,NYK,W,123,108,41,89,.461,14,43,.326,27,31,.871,11,47,27,11,1,12,24,39,84,.464,14,40,.350,16,28,.571,11,45,21,6,4,14,23
MIL,52,2022-01-30,Home,DEN,L,100,136,37,78,.474,10,30,.333,16,22,.727,7,33,23,5,3,15,10,53,88,.602,23,43,.535,7,10,.700,6,40,39,8,3,8,15
Team,Game,Date,HC,Opponent,WINorLOSE,TeamPoints,OpponentPoints,FieldGoals,FieldGoalsAttempted,FieldGoalsPCT,FG3,FG3A,FG3_PCT,FT,FTA,FT_PCT,OREB,TRB,AST,STL,BLK,TOV,PF,OPP_FG,OPP_FGA,OPP_FG_PCT,OPP_FG3,OPP_FG3A,OPP_FG3_PCT,OPP_FT,OPP_FTA,OPP_FT_PCT,OPP_ORB,OPP_TRB,OPP_AST,OPP_STL,OPP_BLK,OPP_TOV,OPP_PF
MIA,1,2021-10-21,Home,MIL,W,137,95,51,96,.531,15,35,.429,20,31,.645,11,58,28,8,2,11,26,32,84,.381,12,42,.286,19,29,.655,5,38,19,6,0,15,26
MIA,2,2021-10-23,Away,IND,L,91,102,35,91,.385,9,33,.273,12,14,.857,10,55,18,4,2,22,25,38,97,.392,10,39,.256,16,21,.762,14,55,18,10,5,16,18
MIA,3,2021-10-25,Home,ORL,W,107,90,41,87,.471,6,27,.222,19,19,1.000,9,42,28,10,2,10,19,33,81,.407,12,44,.273,12,19,.632,6,39,21,7,6,16,22
MIA,4,2021-10-27,Away,BRK,W,106,93,38,96,.396,8,29,.276,22,26,.846,17,62,21,6,2,14,19,33,85,.388,14,43,.326,13,14,.929,4,42,21,7,7,15,24
MIA,5,2021-10-29,Home,CHO,W,114,99,43,91,.473,9,35,.257,19,19,1.000,16,60,23,6,3,17,20,35,90,.389,13,37,.351,16,22,.727,11,37,21,8,6,11,17
MIA,6,2021-10-30,Away,MEM,W,129,103,46,88,.523,21,37,.568,16,19,.842,11,50,31,12,2,18,17,34,88,.386,16,50,.320,19,21,.905,8,32,26,14,7,14,17
MIA,7,2021-11-02,Away,DAL,W,125,110,43,83,.518,13,25,.520,26,30,.867,9,45,25,6,5,6,25,37,84,.440,14,42,.333,22,31,.710,11,41,17,1,3,9,21
MIA,8,2021-11-04,Home,BOS,L,78,95,28,81,.346,9,41,.220,13,19,.684,13,45,18,8,0,18,19,31,78,.397,16,41,.390,17,20,.850,11,46,16,7,4,16,16
MIA,9,2021-11-06,Home,UTA,W,118,115,47,78,.603,11,21,.524,13,17,.765,7,36,30,3,1,14,18,43,83,.518,15,45,.333,14,19,.737,7,31,26,10,3,6,19
MIA,10,2021-11-08,Away,DEN,L,96,113,31,78,.397,13,36,.361,21,25,.840,6,37,22,3,3,13,20,42,91,.462,12,41,.293,17,24,.708,12,49,28,7,5,9,23
MIA,11,2021-11-10,Away,LAL,L,117,120,40,96,.417,10,37,.270,27,35,.771,11,47,26,14,2,14,25,46,92,.500,18,38,.474,10,16,.625,9,50,26,5,6,22,27
MIA,12,2021-11-11,Away,LAC,L,109,112,43,97,.443,9,41,.220,14,17,.824,18,50,18,9,4,15,21,43,91,.473,11,37,.297,15,17,.882,9,42,20,9,9,12,14
MIA,13,2021-11-13,Away,UTA,W,111,105,42,85,.494,13,33,.394,14,16,.875,13,48,23,6,3,19,25,35,85,.412,17,53,.321,18,25,.720,12,38,23,13,2,16,19
MIA,14,2021-11-15,Away,OKC,W,103,90,37,82,.451,18,40,.450,11,13,.846,8,45,22,11,5,17,13,34,83,.410,15,41,.366,7,10,.700,9,42,26,6,10,20,15
MIA,15,2021-11-17,Home,NOP,W,113,98,42,87,.483,15,40,.375,14,17,.824,10,39,29,6,2,10,25,33,75,.440,10,35,.286,22,28,.786,10,38,18,6,3,16,21
MIA,16,2021-11-18,Home,WAS,W,112,97,41,82,.500,10,26,.385,20,24,.833,7,41,27,10,1,6,13,38,77,.494,15,36,.417,6,10,.600,5,37,25,4,3,17,19
MIA,17,2021-11-20,Away,WAS,L,100,103,38,81,.469,7,27,.259,17,20,.850,10,37,21,7,3,12,26,36,74,.486,11,30,.367,20,23,.870,9,35,22,6,2,19,19
MIA,18,2021-11-23,Away,DET,W,100,92,35,76,.461,9,29,.310,21,29,.724,12,51,22,9,3,16,19,35,84,.417,10,38,.263,12,14,.857,9,35,22,7,1,14,23
MIA,19,2021-11-24,Away,MIN,L,101,113,33,74,.446,15,42,.357,20,29,.690,4,40,25,6,2,21,25,38,93,.409,18,55,.327,19,21,.905,15,52,24,10,7,16,26
MIA,20,2021-11-27,Away,CHI,W,107,104,37,86,.430,14,40,.350,19,22,.864,9,36,23,13,1,10,19,38,81,.469,11,39,.282,17,21,.810,10,47,22,6,4,22,20
MIA,21,2021-11-29,Home,DEN,L,111,120,43,91,.473,15,44,.341,10,15,.667,12,39,32,2,1,9,18,43,74,.581,18,35,.514,16,21,.762,5,35,32,2,1,13,18
MIA,22,2021-12-01,Home,CLE,L,85,111,32,85,.376,12,37,.324,9,13,.692,9,28,21,8,4,11,17,37,68,.544,16,31,.516,21,23,.913,6,46,27,8,14,20,15
MIA,23,2021-12-03,Away,IND,W,113,104,43,81,.531,16,34,.471,11,13,.846,9,38,24,5,6,13,22,35,80,.438,9,36,.250,25,33,.758,12,39,20,7,3,12,19
MIA,24,2021-12-04,Away,MIL,L,102,124,34,84,.405,17,43,.395,17,24,.708,9,39,29,6,5,14,17,44,98,.449,18,50,.360,18,20,.900,19,57,32,3,6,14,22
MIA,25,2021-12-06,Home,MEM,L,90,105,35,76,.461,6,22,.273,14,17,.824,7,36,26,11,6,23,19,38,89,.427,13,33,.394,16,21,.762,16,47,26,11,6,19,18
MIA,26,2021-12-08,Home,MIL,W,113,104,40,77,.519,22,47,.468,11,12,.917,6,42,32,6,6,20,23,36,85,.424,12,39,.308,20,27,.741,12,41,18,11,4,18,20
MIA,27,2021-12-11,Home,CHI,W,118,92,46,93,.495,19,43,.442,7,9,.778,12,50,37,8,6,8,21,31,83,.373,17,40,.425,13,20,.650,7,34,22,5,3,14,15
MIA,28,2021-12-13,Away,CLE,L,94,105,38,85,.447,13,40,.325,5,9,.556,11,39,26,4,4,14,15,36,81,.444,16,36,.444,17,18,.944,8,42,24,6,1,12,16
MIA,29,2021-12-15,Away,PHI,W,101,96,35,78,.449,18,44,.409,13,17,.765,9,44,25,5,3,16,18,35,79,.443,12,37,.324,14,17,.824,4,35,26,9,5,11,19
MIA,30,2021-12-17,Away,ORL,W,115,105,41,82,.500,19,35,.543,14,19,.737,14,46,25,5,5,15,14,43,89,.483,11,32,.344,8,10,.800,9,36,23,10,5,11,19
MIA,31,2021-12-19,Away,DET,L,90,100,28,74,.378,13,43,.302,21,33,.636,8,39,23,4,3,13,27,35,75,.467,8,32,.250,22,30,.733,6,47,24,4,2,13,28
MIA,32,2021-12-21,Home,IND,W,125,96,47,95,.495,22,49,.449,9,11,.818,15,53,30,5,5,11,21,31,87,.356,11,31,.355,23,28,.821,11,42,22,6,3,11,13
MIA,33,2021-12-23,Home,DET,W,115,112,43,88,.489,12,32,.375,17,19,.895,6,43,23,4,0,13,25,36,80,.450,18,40,.450,22,25,.880,6,43,23,9,5,16,25
MIA,34,2021-12-26,Home,ORL,W,93,83,36,89,.404,10,34,.294,11,18,.611,20,51,28,7,1,13,19,31,72,.431,10,32,.313,11,17,.647,8,43,17,6,4,18,19
MIA,35,2021-12-28,Home,WAS,W,119,112,41,92,.446,16,34,.471,21,23,.913,14,42,26,14,5,7,13,42,85,.494,17,42,.405,11,14,.786,13,47,27,5,3,18,20
MIA,36,2021-12-31,Away,HOU,W,120,110,40,86,.465,14,33,.424,26,31,.839,11,43,21,7,6,14,16,41,93,.441,14,42,.333,14,17,.824,15,46,21,9,4,18,27
MIA,37,2022-01-02,Away,SAC,L,113,115,46,105,.438,9,33,.273,12,12,1.000,18,49,26,4,3,9,18,40,78,.513,13,34,.382,22,27,.815,7,39,31,3,2,16,18
MIA,38,2022-01-03,Away,GSW,L,108,115,37,90,.411,17,42,.405,17,19,.895,11,49,24,5,2,18,13,45,92,.489,14,38,.368,11,13,.846,7,43,39,11,6,12,17
MIA,39,2022-01-05,Away,POR,W,115,109,37,82,.451,19,41,.463,22,29,.759,14,50,29,3,3,11,21,33,78,.423,15,38,.395,28,36,.778,8,36,18,8,4,5,23
MIA,40,2022-01-08,Away,PHO,W,123,100,44,88,.500,22,44,.500,13,15,.867,11,49,33,9,1,14,18,30,79,.380,14,34,.412,26,29,.897,6,35,24,10,1,15,14
MIA,41,2022-01-12,Away,ATL,W,115,91,43,90,.478,16,45,.356,13,14,.929,10,54,28,7,4,14,20,31,82,.378,13,45,.289,16,23,.696,6,37,20,8,3,14,15
MIA,42,2022-01-14,Home,ATL,W,124,118,41,77,.532,14,30,.467,28,30,.933,9,37,30,6,5,15,27,38,79,.481,16,38,.421,26,30,.867,9,34,26,6,6,15,27
MIA,43,2022-01-15,Home,PHI,L,98,109,33,86,.384,9,35,.257,23,30,.767,12,43,24,10,4,10,18,40,79,.506,13,32,.406,16,21,.762,6,43,24,5,5,15,22
MIA,44,2022-01-17,Home,TOR,W,104,99,38,83,.458,9,24,.375,19,22,.864,13,49,20,11,8,12,18,37,90,.411,13,36,.361,12,17,.706,15,45,24,9,5,11,21
MIA,45,2022-01-19,Home,POR,W,104,92,37,80,.463,12,35,.343,18,25,.720,9,43,24,12,6,14,15,33,81,.407,14,46,.304,12,16,.750,10,43,19,7,6,16,22
MIA,46,2022-01-21,Away,ATL,L,108,110,41,85,.482,15,40,.375,11,12,.917,11,33,30,8,1,15,22,38,68,.559,14,33,.424,20,24,.833,6,36,26,3,1,16,17
MIA,47,2022-01-23,Home,LAL,W,113,107,40,81,.494,15,33,.455,18,20,.900,6,39,31,9,3,15,31,36,79,.456,11,40,.275,24,30,.800,7,38,20,7,1,17,20
MIA,48,2022-01-26,Home,NYK,W,110,96,37,74,.500,16,37,.432,20,22,.909,7,38,30,8,3,17,23,35,83,.422,15,44,.341,11,17,.647,15,44,24,8,4,17,23
MIA,49,2022-01-28,Home,LAC,W,121,114,40,85,.471,15,34,.441,26,27,.963,12,51,28,6,3,18,23,41,92,.446,9,35,.257,23,32,.719,9,37,22,7,3,13,21
MIA,50,2022-01-29,Home,TOR,L,120,124,45,110,.409,16,50,.320,14,20,.700,19,61,26,12,6,23,26,47,107,.439,16,45,.356,14,18,.778,12,53,24,15,9,16,22
MIA,51,2022-01-31,Away,BOS,L,92,122,34,87,.391,17,44,.386,7,10,.700,10,38,25,6,2,18,22,44,84,.524,16,42,.381,18,27,.667,9,44,24,9,6,10,15
Team,Game,Date,HC,Opponent,WINorLOSE,TeamPoints,OpponentPoints,FieldGoals,FieldGoalsAttempted,FieldGoalsPCT,FG3,FG3A,FG3_PCT,FT,FTA,FT_PCT,OREB,TRB,AST,STL,BLK,TOV,PF,OPP_FG,OPP_FGA,OPP_FG_PCT,OPP_FG3,OPP_FG3A,OPP_FG3_PCT,OPP_FT,OPP_FTA,OPP_FT_PCT,OPP_ORB,OPP_TRB,OPP_AST,OPP_STL,OPP_BLK,OPP_TOV,OPP_PF
TOR,1,2021-10-20,Home,WAS,L,83,98,30,97,.309,7,34,.206,16,22,.727,19,54,14,10,4,19,21,36,81,.444,5,27,.185,21,26,.808,7,51,20,14,8,21,17
TOR,2,2021-10-22,Away,BOS,W,115,83,42,100,.420,10,35,.286,21,21,1.000,21,60,22,16,2,11,13,32,82,.390,11,34,.324,8,11,.727,10,42,19,6,12,25,19
TOR,3,2021-10-23,Home,DAL,L,95,103,34,85,.400,11,37,.297,16,23,.696,11,49,17,7,6,12,23,38,91,.418,14,42,.333,13,18,.722,13,50,24,6,6,9,22
TOR,4,2021-10-25,Home,CHI,L,108,111,40,83,.482,12,30,.400,16,20,.800,13,47,27,8,1,19,18,39,81,.481,12,27,.444,21,22,.955,5,29,24,11,3,13,16
TOR,5,2021-10-27,Home,IND,W,118,100,46,100,.460,14,30,.467,12,19,.632,16,41,22,18,6,10,20,38,79,.481,10,29,.345,14,17,.824,9,40,19,6,7,22,19
TOR,6,2021-10-29,Home,ORL,W,110,109,43,86,.500,9,30,.300,15,22,.682,9,40,18,11,2,7,18,41,87,.471,16,34,.471,11,16,.688,12,46,24,1,5,17,24
TOR,7,2021-10-30,Away,IND,W,97,94,39,92,.424,11,32,.344,8,12,.667,12,48,18,8,4,15,17,35,81,.432,13,43,.302,11,16,.688,8,40,25,8,10,19,17
TOR,8,2021-11-01,Away,NYK,W,113,104,43,99,.434,14,42,.333,13,14,.929,13,48,24,12,4,8,20,35,76,.461,16,38,.421,18,24,.750,7,41,20,3,4,16,13
TOR,9,2021-11-03,Away,WAS,W,109,100,41,88,.466,10,25,.400,17,20,.850,10,42,17,10,3,10,23,34,78,.436,8,32,.250,24,30,.800,10,44,19,6,7,13,15
TOR,10,2021-11-05,Home,CLE,L,101,102,42,99,.424,12,27,.444,5,9,.556,19,45,20,10,8,9,19,38,83,.458,10,30,.333,16,19,.842,11,39,22,4,3,17,13
TOR,11,2021-11-07,Home,BRK,L,103,116,41,87,.471,7,30,.233,14,18,.778,8,35,23,10,6,8,16,41,80,.513,17,38,.447,17,20,.850,12,48,29,3,0,15,15
TOR,12,2021-11-10,Away,BOS,L,88,104,33,77,.429,6,25,.240,16,19,.842,6,41,20,8,8,18,17,42,94,.447,10,29,.345,10,15,.667,12,44,21,10,5,15,13
TOR,13,2021-11-11,Away,PHI,W,115,109,42,96,.438,14,33,.424,17,17,1.000,16,47,25,10,7,11,18,40,88,.455,11,34,.324,18,19,.947,9,39,29,8,8,12,16
TOR,14,2021-11-13,Home,DET,L,121,127,44,87,.506,13,34,.382,20,31,.645,15,39,21,9,1,13,25,43,79,.544,15,35,.429,26,30,.867,9,34,34,5,6,13,23
TOR,15,2021-11-15,Away,POR,L,113,118,41,89,.461,15,33,.455,16,18,.889,12,39,20,7,2,11,17,46,82,.561,16,36,.444,10,14,.714,7,39,25,6,7,12,15
TOR,16,2021-11-18,Away,UTA,L,103,119,39,94,.415,10,38,.263,15,17,.882,14,35,24,10,3,12,13,44,80,.550,19,46,.413,12,13,.923,10,46,34,8,9,23,18
TOR,17,2021-11-19,Away,SAC,W,108,89,38,84,.452,12,31,.387,20,24,.833,13,53,20,9,9,14,24,32,84,.381,9,37,.243,16,25,.640,11,40,15,8,4,13,18
TOR,18,2021-11-21,Away,GSW,L,104,119,39,99,.394,15,37,.405,11,20,.550,18,47,25,7,4,10,21,39,79,.494,22,45,.489,19,24,.792,8,47,31,5,7,16,18
TOR,19,2021-11-24,Away,MEM,W,126,113,47,89,.528,14,30,.467,18,21,.857,11,34,25,8,4,10,20,42,82,.512,9,29,.310,20,26,.769,11,40,25,6,3,14,20
TOR,20,2021-11-26,Away,IND,L,97,114,37,89,.416,7,30,.233,16,22,.727,13,41,17,8,3,10,18,47,97,.485,11,39,.282,9,11,.818,17,53,31,6,4,12,19
TOR,21,2021-11-28,Home,BOS,L,97,109,35,93,.376,13,42,.310,14,16,.875,14,44,19,6,5,10,24,34,82,.415,12,34,.353,29,31,.935,12,53,24,5,3,17,19
TOR,22,2021-11-30,Home,MEM,L,91,98,36,91,.396,10,39,.256,9,12,.750,11,44,14,7,9,18,21,36,93,.387,10,34,.294,16,19,.842,18,54,18,13,10,17,15
TOR,23,2021-12-02,Home,MIL,W,97,93,37,88,.420,14,40,.350,9,14,.643,15,47,23,10,7,13,24,32,85,.376,11,31,.355,18,25,.720,16,47,16,4,4,13,12
TOR,24,2021-12-05,Home,WAS,W,102,90,38,85,.447,8,23,.348,18,24,.750,10,47,22,3,1,8,24,30,73,.411,8,25,.320,22,29,.759,6,43,20,4,5,10,22
TOR,25,2021-12-08,Home,OKC,L,109,110,42,93,.452,15,41,.366,10,15,.667,13,46,27,6,5,13,19,38,84,.452,17,40,.425,17,20,.850,7,40,28,12,3,13,18
TOR,26,2021-12-10,Home,NYK,W,90,87,30,87,.345,12,35,.343,18,23,.783,12,48,21,9,7,8,19,29,81,.358,9,34,.265,20,24,.833,14,55,18,4,2,13,17
TOR,27,2021-12-13,Home,SAC,W,124,101,53,98,.541,11,31,.355,7,10,.700,8,46,28,10,8,8,19,38,94,.404,11,34,.324,14,21,.667,19,53,21,5,4,17,16
TOR,28,2021-12-14,Away,BRK,L,129,131,48,105,.457,18,52,.346,15,19,.789,13,41,26,6,6,12,21,50,103,.485,14,39,.359,17,23,.739,19,60,28,7,5,16,20
TOR,29,2021-12-18,Home,GSW,W,119,100,45,90,.500,14,38,.368,15,23,.652,12,41,26,13,3,10,21,37,79,.468,11,36,.306,15,21,.714,11,47,26,5,5,20,21
TOR,30,2021-12-26,Away,CLE,L,99,144,37,89,.416,9,36,.250,16,23,.696,11,43,24,11,3,21,13,56,106,.528,22,52,.423,10,12,.833,13,52,39,12,5,12,17
TOR,31,2021-12-28,Home,PHI,L,109,114,38,87,.437,15,41,.366,18,22,.818,9,43,24,7,5,10,24,34,77,.442,14,30,.467,32,38,.842,8,42,23,6,4,8,18
TOR,32,2021-12-31,Home,LAC,W,116,108,40,96,.417,11,35,.314,25,33,.758,18,54,19,8,4,7,18,38,78,.487,15,34,.441,17,19,.895,3,37,27,6,7,12,24
TOR,33,2022-01-02,Home,NYK,W,120,105,41,86,.477,13,34,.382,25,30,.833,11,44,21,9,5,16,27,35,78,.449,12,36,.333,23,28,.821,7,30,22,11,4,17,26
TOR,34,2022-01-04,Home,SAS,W,129,104,45,96,.469,18,44,.409,21,29,.724,16,52,30,13,8,12,20,41,95,.432,9,35,.257,13,19,.684,17,50,27,6,3,20,23
TOR,35,2022-01-05,Away,MIL,W,117,111,42,89,.472,16,36,.444,17,25,.680,10,44,24,8,4,14,20,38,85,.447,17,39,.436,18,26,.692,9,45,22,10,8,17,18
TOR,36,2022-01-07,Home,UTA,W,122,108,45,100,.450,12,41,.293,20,25,.800,19,48,26,11,7,7,17,39,81,.481,17,38,.447,13,18,.722,7,40,23,3,4,21,21
TOR,37,2022-01-09,Home,NOP,W,105,101,36,85,.424,14,34,.412,19,20,.950,15,46,18,8,3,12,20,34,75,.453,12,33,.364,21,25,.840,7,35,20,5,5,13,18
TOR,38,2022-01-11,Home,PHO,L,95,99,36,89,.404,8,37,.216,15,25,.600,22,47,15,11,3,14,20,35,74,.473,11,32,.344,18,22,.818,10,39,25,10,2,20,23
TOR,39,2022-01-14,Away,DET,L,87,103,28,87,.322,11,38,.289,20,26,.769,16,46,18,5,4,11,24,38,81,.469,8,27,.296,19,23,.826,9,43,22,7,6,8,25
TOR,40,2022-01-15,Away,MIL,W,103,96,40,91,.440,12,35,.343,11,20,.550,16,50,25,7,8,14,25,26,77,.338,12,39,.308,32,35,.914,9,41,19,8,8,13,23
TOR,41,2022-01-17,Away,MIA,L,99,104,37,90,.411,13,36,.361,12,17,.706,15,45,24,9,5,11,21,38,83,.458,9,24,.375,19,22,.864,13,49,20,11,8,12,18
TOR,42,2022-01-19,Away,DAL,L,98,102,35,91,.385,8,32,.250,20,25,.800,16,44,17,11,1,12,21,37,76,.487,9,33,.273,19,20,.950,10,45,23,5,0,16,20
TOR,43,2022-01-21,Away,WAS,W,109,105,42,90,.467,11,30,.367,14,17,.824,11,40,20,10,4,8,15,43,85,.506,11,33,.333,8,10,.800,11,45,29,3,3,17,16
TOR,44,2022-01-23,Home,POR,L,105,114,39,98,.398,18,54,.333,9,14,.643,15,43,28,15,8,15,18,45,85,.529,18,32,.563,6,13,.462,10,47,31,8,7,22,17
TOR,45,2022-01-25,Home,CHO,W,125,113,43,82,.524,16,34,.471,23,29,.793,7,42,27,6,7,14,22,40,82,.488,10,31,.323,23,32,.719,9,37,25,7,2,12,20
TOR,46,2022-01-26,Away,CHI,L,105,111,38,79,.481,12,31,.387,17,28,.607,8,34,24,8,5,12,17,46,84,.548,7,26,.269,12,16,.750,10,45,32,2,1,13,22
TOR,47,2022-01-29,Away,MIA,W,124,120,47,107,.439,16,45,.356,14,18,.778,12,53,24,15,9,16,22,45,110,.409,16,50,.320,14,20,.700,19,61,26,12,6,23,26
TOR,48,2022-01-31,Away,ATL,W,106,100,38,89,.427,18,36,.500,12,17,.706,6,43,21,7,8,8,15,37,81,.457,12,32,.375,14,16,.875,5,46,28,6,5,15,20
Team,Game,Date,HC,Opponent,WINorLOSE,TeamPoints,OpponentPoints,FieldGoals,FieldGoalsAttempted,FieldGoalsPCT,FG3,FG3A,FG3_PCT,FT,FTA,FT_PCT,OREB,TRB,AST,STL,BLK,TOV,PF,OPP_FG,OPP_FGA,OPP_FG_PCT,OPP_FG3,OPP_FG3A,OPP_FG3_PCT,OPP_FT,OPP_FTA,OPP_FT_PCT,OPP_ORB,OPP_TRB,OPP_AST,OPP_STL,OPP_BLK,OPP_TOV,OPP_PF
ORL,1,2021-10-20,Away,SAS,L,97,123,35,86,.407,9,29,.310,18,23,.783,13,44,17,6,6,16,20,49,98,.500,13,30,.433,12,18,.667,13,43,32,8,3,8,22
ORL,2,2021-10-22,Home,NYK,L,96,121,33,83,.398,17,43,.395,13,15,.867,9,46,24,5,3,18,18,44,88,.500,24,54,.444,9,17,.529,6,38,34,10,4,11,19
ORL,3,2021-10-24,Away,NYK,W,110,104,36,88,.409,12,43,.279,26,34,.765,10,57,22,7,4,13,25,37,100,.370,13,48,.271,17,25,.680,16,52,20,8,8,12,21
ORL,4,2021-10-25,Away,MIA,L,90,107,33,81,.407,12,44,.273,12,19,.632,6,39,21,7,6,16,22,41,87,.471,6,27,.222,19,19,1.000,9,42,28,10,2,10,19
ORL,5,2021-10-27,Home,CHO,L,111,120,43,88,.489,15,40,.375,10,13,.769,8,33,22,6,2,18,21,43,83,.518,14,30,.467,20,24,.833,10,40,22,14,4,16,14
ORL,6,2021-10-29,Away,TOR,L,109,110,41,87,.471,16,34,.471,11,16,.688,12,46,24,1,5,17,24,43,86,.500,9,30,.300,15,22,.682,9,40,18,11,2,7,18
ORL,7,2021-10-30,Away,DET,L,103,110,38,87,.437,16,32,.500,11,15,.733,12,46,21,5,6,17,21,36,89,.404,14,43,.326,24,30,.800,17,48,26,12,6,13,18
ORL,8,2021-11-01,Away,MIN,W,115,97,37,82,.451,17,43,.395,24,30,.800,12,51,21,5,7,16,19,36,97,.371,14,51,.275,11,19,.579,16,47,21,8,1,12,20
ORL,9,2021-11-03,Home,BOS,L,79,92,27,84,.321,9,43,.209,16,20,.800,8,46,15,8,1,14,20,33,79,.418,10,37,.270,16,25,.640,9,50,24,7,9,11,20
ORL,10,2021-11-05,Home,SAS,L,89,102,35,89,.393,12,41,.293,7,10,.700,7,43,23,9,12,18,13,40,90,.444,6,19,.316,16,18,.889,5,48,23,11,7,13,14
ORL,11,2021-11-07,Home,UTA,W,107,100,43,87,.494,12,32,.375,9,11,.818,7,39,24,8,8,13,22,34,89,.382,8,42,.190,24,29,.828,16,50,21,10,7,17,17
ORL,12,2021-11-10,Home,BRK,L,90,123,35,92,.380,4,33,.121,16,24,.667,12,49,19,10,3,17,18,46,91,.505,16,37,.432,15,17,.882,8,49,29,8,5,15,18
ORL,13,2021-11-13,Home,WAS,L,92,104,31,92,.337,13,40,.325,17,20,.850,14,44,21,7,5,13,15,42,84,.500,12,35,.343,8,10,.800,7,48,29,6,7,15,17
ORL,14,2021-11-15,Away,ATL,L,111,129,43,95,.453,16,43,.372,9,14,.643,12,41,30,8,5,16,27,47,85,.553,14,30,.467,21,32,.656,9,46,32,10,7,11,17
ORL,15,2021-11-17,Away,NYK,W,104,98,39,96,.406,11,38,.289,15,18,.833,14,51,20,7,3,12,19,37,88,.420,16,49,.327,8,12,.667,11,45,25,5,7,18,20
ORL,16,2021-11-19,Away,BRK,L,113,115,40,89,.449,14,38,.368,19,25,.760,11,45,26,7,6,13,25,41,91,.451,10,33,.303,23,25,.920,14,43,19,6,13,11,19
ORL,17,2021-11-20,Away,MIL,L,108,117,39,98,.398,19,51,.373,11,14,.786,6,39,26,5,3,10,24,37,82,.451,19,40,.475,24,37,.649,11,60,25,6,5,14,18
ORL,18,2021-11-22,Away,MIL,L,92,123,34,93,.366,11,41,.268,13,18,.722,15,47,16,6,4,15,17,44,94,.468,18,45,.400,17,24,.708,13,55,28,10,7,12,22
ORL,19,2021-11-24,Home,CHO,L,99,106,38,93,.409,15,42,.357,8,10,.800,10,51,23,5,1,14,19,39,93,.419,12,40,.300,16,21,.762,12,49,26,11,11,10,16
ORL,20,2021-11-26,Home,CHI,L,88,123,30,80,.375,7,32,.219,21,30,.700,5,36,18,7,5,13,16,48,86,.558,17,34,.500,10,16,.625,6,47,32,11,1,13,24
ORL,21,2021-11-27,Away,CLE,L,92,105,35,88,.398,8,32,.250,14,23,.609,8,43,21,11,5,8,16,41,90,.456,14,39,.359,9,12,.750,10,51,28,3,9,13,18
ORL,22,2021-11-29,Away,PHI,L,96,101,37,90,.411,8,33,.242,14,18,.778,8,55,20,7,6,12,21,39,97,.402,10,33,.303,13,18,.722,12,55,24,7,6,10,19
ORL,23,2021-12-01,Home,DEN,W,108,103,44,81,.543,6,27,.222,14,19,.737,1,39,26,8,6,12,15,39,80,.488,10,34,.294,15,21,.714,1,35,22,5,4,14,19
ORL,24,2021-12-03,Away,HOU,L,116,118,42,86,.488,13,37,.351,19,21,.905,10,45,24,6,4,18,21,44,92,.478,17,47,.362,13,15,.867,7,35,33,7,5,10,16
ORL,25,2021-12-06,Away,GSW,L,95,126,33,76,.434,11,38,.289,18,22,.818,5,38,18,10,4,22,20,43,87,.494,20,40,.500,20,29,.690,7,43,28,15,2,15,19
ORL,26,2021-12-08,Away,SAC,L,130,142,48,97,.495,16,34,.471,18,23,.783,17,43,29,2,5,12,18,53,97,.546,15,34,.441,21,25,.840,12,43,24,8,7,8,22
ORL,27,2021-12-11,Away,LAC,L,104,106,35,80,.438,12,33,.364,22,24,.917,10,45,21,4,5,11,11,42,92,.457,18,36,.500,4,6,.667,12,45,27,7,1,7,17
ORL,28,2021-12-12,Away,LAL,L,94,106,33,88,.375,13,38,.342,15,19,.789,14,47,17,6,4,18,13,41,84,.488,13,28,.464,11,17,.647,6,44,24,12,11,13,17
ORL,29,2021-12-15,Home,ATL,L,99,111,35,90,.389,10,35,.286,19,21,.905,12,46,25,4,2,16,17,42,85,.494,11,31,.355,16,16,1.000,6,40,25,11,5,13,16
ORL,30,2021-12-17,Home,MIA,L,105,115,43,89,.483,11,32,.344,8,10,.800,9,36,23,10,5,11,19,41,82,.500,19,35,.543,14,19,.737,14,46,25,5,5,15,14
ORL,31,2021-12-18,Away,BRK,W,100,93,39,94,.415,10,31,.323,12,13,.923,12,50,20,6,4,16,14,39,102,.382,9,46,.196,6,8,.750,16,51,24,8,8,15,14
ORL,32,2021-12-22,Away,ATL,W,104,98,38,85,.447,11,37,.297,17,23,.739,8,40,27,11,5,10,24,32,80,.400,12,31,.387,22,29,.759,13,49,21,4,8,14,19
ORL,33,2021-12-23,Home,NOP,L,104,110,38,88,.432,9,32,.281,19,21,.905,10,44,19,6,11,8,26,37,86,.430,13,30,.433,23,26,.885,12,46,21,4,2,10,13
ORL,34,2021-12-26,Away,MIA,L,83,93,31,72,.431,10,32,.313,11,17,.647,8,43,17,6,4,18,19,36,89,.404,10,34,.294,11,18,.611,20,51,28,7,1,13,19
ORL,35,2021-12-28,Home,MIL,L,110,127,38,83,.458,12,39,.308,22,26,.846,7,37,24,7,4,13,25,47,85,.553,17,37,.459,16,22,.727,7,40,31,4,3,12,20
ORL,36,2021-12-30,Home,MIL,L,118,136,42,87,.483,13,36,.361,21,27,.778,6,33,26,5,1,10,26,45,91,.495,13,33,.394,33,36,.917,14,50,24,7,6,13,19
ORL,37,2022-01-02,Away,BOS,L,111,116,40,95,.421,9,27,.333,22,27,.815,10,45,17,12,3,14,24,39,86,.453,13,36,.361,25,28,.893,9,46,25,5,10,21,23
ORL,38,2022-01-03,Away,CHI,L,98,102,36,85,.424,10,27,.370,16,18,.889,5,44,24,5,2,13,17,37,86,.430,11,31,.355,17,23,.739,10,49,17,10,4,13,16
ORL,39,2022-01-05,Home,PHI,L,106,116,40,90,.444,12,39,.308,14,20,.700,14,47,22,9,3,19,30,43,85,.506,12,28,.429,18,24,.750,10,42,26,8,4,15,16
ORL,40,2022-01-08,Away,DET,L,92,97,29,86,.337,14,46,.304,20,23,.870,8,44,25,6,9,12,20,38,87,.437,10,33,.303,11,16,.688,7,49,23,7,6,12,21
ORL,41,2022-01-09,Home,WAS,L,100,102,38,95,.400,9,28,.321,15,16,.938,9,42,18,9,6,7,21,36,88,.409,11,29,.379,19,24,.792,12,54,23,1,6,12,21
ORL,42,2022-01-12,Away,WAS,L,106,112,41,99,.414,11,35,.314,13,16,.813,18,49,31,6,6,9,16,43,82,.524,10,31,.323,16,21,.762,6,42,26,6,4,10,14
ORL,43,2022-01-14,Away,CHO,W,116,109,45,87,.517,15,45,.333,11,15,.733,4,43,32,9,4,19,18,40,97,.412,12,42,.286,17,21,.810,11,44,28,9,5,16,20
ORL,44,2022-01-15,Away,DAL,L,92,108,37,77,.481,7,26,.269,11,16,.688,5,37,16,7,3,15,26,32,78,.410,12,34,.353,32,38,.842,12,47,16,6,3,9,18
ORL,45,2022-01-17,Home,POR,L,88,98,34,90,.378,8,32,.250,12,20,.600,10,50,21,9,7,16,15,37,90,.411,7,34,.206,17,18,.944,11,55,20,9,8,17,17
ORL,46,2022-01-19,Away,PHI,L,110,123,40,90,.444,18,35,.514,12,16,.750,9,43,26,4,4,11,19,45,83,.542,10,28,.357,23,27,.852,6,44,21,7,8,9,15
ORL,47,2022-01-21,Home,LAL,L,105,116,36,81,.444,11,40,.275,22,29,.759,3,35,23,6,9,17,21,42,85,.494,13,30,.433,19,23,.826,8,45,23,12,4,18,24
ORL,48,2022-01-23,Home,CHI,W,114,95,42,80,.525,12,26,.462,18,23,.783,3,35,31,7,8,12,25,33,76,.434,5,21,.238,24,32,.750,11,44,10,3,4,21,22
ORL,49,2022-01-26,Home,LAC,L,102,111,38,84,.452,9,35,.257,17,22,.773,8,39,29,9,3,13,23,36,81,.444,15,29,.517,24,27,.889,8,49,20,7,1,15,22
ORL,50,2022-01-28,Home,DET,W,119,103,41,83,.494,12,25,.480,25,26,.962,8,47,28,5,7,15,22,32,87,.368,10,29,.345,29,37,.784,14,41,23,10,9,10,24
ORL,51,2022-01-30,Home,DAL,W,110,108,43,84,.512,11,34,.324,13,16,.813,9,40,26,8,1,16,16,39,81,.481,16,38,.421,14,18,.778,7,40,22,9,4,18,19
